Chart Type,Time (s)
scatter_pandas,0.5901803081999788
bar_pandas,1.043395163300056
