Chart Type,Time (s)
scatter_pandas,0.4685762626999576
bar_pandas,0.9242745239999749
