Chart Type,Time (s)
scatter_pandas,0.5244665377000274
bar_pandas,0.8416239924999672
